artist_name,member_name,file_name
&TEAM,니콜라스,&TEAM_니콜라스.jpg
&TEAM,마키,&TEAM_마키.jpg
&TEAM,유마,&TEAM_유마.jpg
&TEAM,의주,&TEAM_의주.jpg
&TEAM,조,&TEAM_조.jpg
&TEAM,케이,&TEAM_케이.jpg
&TEAM,타키,&TEAM_타키.jpg
&TEAM,하루아,&TEAM_하루아.jpg
&TEAM,후마,&TEAM_후마.jpg
82MAJOR,김도균,82MAJOR_김도균.jpg
82MAJOR,남성모,82MAJOR_남성모.jpg
82MAJOR,박석준,82MAJOR_박석준.jpg
82MAJOR,윤예찬,82MAJOR_윤예찬.jpg
82MAJOR,조성일,82MAJOR_조성일.jpg
82MAJOR,황성빈,82MAJOR_황성빈.jpg
8TURN,경민,8TURN_경민.jpg
8TURN,명호,8TURN_명호.jpg
8TURN,민호,8TURN_민호.jpg
8TURN,승헌,8TURN_승헌.jpg
8TURN,윤규,8TURN_윤규.jpg
8TURN,윤성,8TURN_윤성.jpg
8TURN,재윤,8TURN_재윤.jpg
8TURN,해민,8TURN_해민.jpg
AB6IX,김동현,AB6IX_김동현.jpg
AB6IX,박우진,AB6IX_박우진.jpg
AB6IX,이대휘,AB6IX_이대휘.jpg
AB6IX,전웅,AB6IX_전웅.jpg
aespa,닝닝,aespa_닝닝.jpg
aespa,윈터,aespa_윈터.jpg
aespa,지젤,aespa_지젤.jpg
aespa,카리나,aespa_카리나.jpg
Apink,김남주,Apink_김남주.jpg
Apink,박초롱,Apink_박초롱.jpg
Apink,오하영,Apink_오하영.jpg
Apink,윤보미,Apink_윤보미.jpg
Apink,정은지,Apink_정은지.jpg
ASTRO,MJ,ASTRO_MJ.jpg
ASTRO,문빈,ASTRO_문빈.jpg
ASTRO,윤산하,ASTRO_윤산하.jpg
ASTRO,진진,ASTRO_진진.jpg
ASTRO,차은우,ASTRO_차은우.jpg
ATBO,김연규,ATBO_김연규.jpg
ATBO,류준민,ATBO_류준민.jpg
ATBO,배현준,ATBO_배현준.jpg
ATBO,오준석,ATBO_오준석.jpg
ATBO,원빈,ATBO_원빈.jpg
ATEEZ,민기,ATEEZ_민기.jpg
ATEEZ,산,ATEEZ_산.jpg
ATEEZ,성화,ATEEZ_성화.jpg
ATEEZ,여상,ATEEZ_여상.jpg
ATEEZ,우영,ATEEZ_우영.jpg
ATEEZ,윤호,ATEEZ_윤호.jpg
ATEEZ,종호,ATEEZ_종호.jpg
ATEEZ,홍중,ATEEZ_홍중.jpg
B1A4,공찬,B1A4_공찬.jpg
B1A4,산들,B1A4_산들.jpg
B1A4,신우,B1A4_신우.jpg
BABYMONSTER,라미,BABYMONSTER_라미.jpg
BABYMONSTER,로라,BABYMONSTER_로라.jpg
BABYMONSTER,루카,BABYMONSTER_루카.jpg
BABYMONSTER,아사,BABYMONSTER_아사.jpg
BABYMONSTER,아현,BABYMONSTER_아현.jpg
BABYMONSTER,치키타,BABYMONSTER_치키타.jpg
BABYMONSTER,파리타,BABYMONSTER_파리타.jpg
Billlie,문수아,Billlie_문수아.jpg
Billlie,션,Billlie_션.jpg
Billlie,수현,Billlie_수현.jpg
Billlie,시윤,Billlie_시윤.jpg
Billlie,츠키,Billlie_츠키.jpg
Billlie,하람,Billlie_하람.jpg
Billlie,하루나,Billlie_하루나.jpg
BLACKPINK,로제,BLACKPINK_로제.jpg
BLACKPINK,리사,BLACKPINK_리사.jpg
BLACKPINK,제니,BLACKPINK_제니.jpg
BLACKPINK,지수,BLACKPINK_지수.jpg
BOYNEXTDOOR,리우,BOYNEXTDOOR_리우.jpg
BOYNEXTDOOR,명재현,BOYNEXTDOOR_명재현.jpg
BOYNEXTDOOR,성호,BOYNEXTDOOR_성호.jpg
BOYNEXTDOOR,운학,BOYNEXTDOOR_운학.jpg
BOYNEXTDOOR,이한,BOYNEXTDOOR_이한.jpg
BOYNEXTDOOR,태산,BOYNEXTDOOR_태산.jpg
CIX,BX,CIX_BX.jpg
CIX,승훈,CIX_승훈.jpg
CIX,용희,CIX_용희.jpg
CIX,현석,CIX_현석.jpg
CRAVITY,민희,CRAVITY_민희.jpg
CRAVITY,성민,CRAVITY_성민.jpg
CRAVITY,세림,CRAVITY_세림.jpg
CRAVITY,앨런,CRAVITY_앨런.jpg
CRAVITY,원진,CRAVITY_원진.jpg
CRAVITY,정모,CRAVITY_정모.jpg
CRAVITY,태영,CRAVITY_태영.jpg
CRAVITY,형준,CRAVITY_형준.jpg
DAY6,도운,DAY6_도운.jpg
DAY6,성진,DAY6_성진.jpg
DAY6,영케이,DAY6_영케이.jpg
DAY6,원필,DAY6_원필.jpg
EPEX,금동현,EPEX_금동현.jpg
EPEX,뮤,EPEX_뮤.jpg
EPEX,백승,EPEX_백승.jpg
EPEX,아민,EPEX_아민.jpg
EPEX,에이든,EPEX_에이든.jpg
EPEX,예왕,EPEX_예왕.jpg
EPEX,위시,EPEX_위시.jpg
EPEX,제프,EPEX_제프.jpg
EVNNE,문정현,EVNNE_문정현.jpg
EVNNE,박지후,EVNNE_박지후.jpg
EVNNE,박한빈,EVNNE_박한빈.jpg
EVNNE,유승언,EVNNE_유승언.jpg
EVNNE,이정현,EVNNE_이정현.jpg
EVNNE,지윤서,EVNNE_지윤서.jpg
EVNNE,케이타,EVNNE_케이타.jpg
EXO,디오,EXO_디오.jpg
EXO,레이,EXO_레이.jpg
EXO,백현,EXO_백현.jpg
EXO,세훈,EXO_세훈.jpg
EXO,수호,EXO_수호.jpg
EXO,시우민,EXO_시우민.jpg
EXO,찬열,EXO_찬열.jpg
EXO,첸,EXO_첸.jpg
EXO,카이,EXO_카이.jpg
FANTASY,BOYS_강민서,FANTASY_BOYS_강민서.jpg
FANTASY,BOYS_김규래,FANTASY_BOYS_김규래.jpg
FANTASY,BOYS_김우석,FANTASY_BOYS_김우석.jpg
FANTASY,BOYS_링치,FANTASY_BOYS_링치.jpg
FANTASY,BOYS_오현태,FANTASY_BOYS_오현태.jpg
FANTASY,BOYS_이한빈,FANTASY_BOYS_이한빈.jpg
FANTASY,BOYS_케이단,FANTASY_BOYS_케이단.jpg
FANTASY,BOYS_홍성민,FANTASY_BOYS_홍성민.jpg
FANTASY,BOYS_히카루,FANTASY_BOYS_히카루.jpg
FANTASY,BOYS_히카리,FANTASY_BOYS_히카리.jpg
G-DRAGON,지드래곤,G-DRAGON_지드래곤.jpg
GOT7,마크,GOT7_마크.jpg
GOT7,박진영,GOT7_박진영.jpg
GOT7,유겸,GOT7_유겸.jpg
GOT7,잭슨,GOT7_잭슨.jpg
GOT7,제이비,GOT7_제이비.jpg
H1-KEY,리이나,H1-KEY_리이나.jpg
H1-KEY,서이,H1-KEY_서이.jpg
H1-KEY,옐,H1-KEY_옐.jpg
H1-KEY,휘서,H1-KEY_휘서.jpg
Hearts2Hearts,스텔라,Hearts2Hearts_스텔라.jpg
Hearts2Hearts,에이나,Hearts2Hearts_에이나.jpg
Hearts2Hearts,예온,Hearts2Hearts_예온.jpg
Hearts2Hearts,유하,Hearts2Hearts_유하.jpg
Hearts2Hearts,이안,Hearts2Hearts_이안.jpg
Hearts2Hearts,주은,Hearts2Hearts_주은.jpg
Hearts2Hearts,지우,Hearts2Hearts_지우.jpg
Hearts2Hearts,카르멘,Hearts2Hearts_카르멘.jpg
i-dle,미연,i-dle_미연.jpg
i-dle,민니,i-dle_민니.jpg
i-dle,소연,i-dle_소연.jpg
i-dle,슈화,i-dle_슈화.jpg
i-dle,우기,i-dle_우기.jpg
iKON,DK,iKON_DK.jpg
iKON,구준회,iKON_구준회.jpg
iKON,김진환,iKON_김진환.jpg
iKON,바비,iKON_바비.jpg
iKON,송윤형,iKON_송윤형.jpg
iKON,정찬우,iKON_정찬우.jpg
ITZY,류진,ITZY_류진.jpg
ITZY,리아,ITZY_리아.jpg
ITZY,예지,ITZY_예지.jpg
ITZY,유나,ITZY_유나.jpg
ITZY,채령,ITZY_채령.jpg
IVE,가을,IVE_가을.jpg
IVE,레이,IVE_레이.jpg
IVE,리즈,IVE_리즈.jpg
IVE,안유진,IVE_안유진.jpg
IVE,이서,IVE_이서.jpg
IVE,장원영,IVE_장원영.jpg
izna,마이,izna_마이.jpg
izna,방지민,izna_방지민.jpg
izna,유사랑,izna_유사랑.jpg
izna,윤지윤,izna_윤지윤.jpg
izna,정세비,izna_정세비.jpg
izna,최정은,izna_최정은.jpg
izna,코코,izna_코코.jpg
Kep1er,김다연,Kep1er_김다연.jpg
Kep1er,김채현,Kep1er_김채현.jpg
Kep1er,샤오팅,Kep1er_샤오팅.jpg
Kep1er,서영은,Kep1er_서영은.jpg
Kep1er,최유진,Kep1er_최유진.jpg
Kep1er,휴닝바히에,Kep1er_휴닝바히에.jpg
Kep1er,히카루,Kep1er_히카루.jpg
KickFlip,계훈,KickFlip_계훈.jpg
KickFlip,동현,KickFlip_동현.jpg
KickFlip,동화,KickFlip_동화.jpg
KickFlip,민제,KickFlip_민제.jpg
KickFlip,아마루,KickFlip_아마루.jpg
KickFlip,주왕,KickFlip_주왕.jpg
KickFlip,케이주,KickFlip_케이주.jpg
KiiiKiii,수이,KiiiKiii_수이.jpg
KiiiKiii,이솔,KiiiKiii_이솔.jpg
KiiiKiii,지유,KiiiKiii_지유.jpg
KiiiKiii,키야,KiiiKiii_키야.jpg
KiiiKiii,하음,KiiiKiii_하음.jpg
KISS,OF_LIFE_나띠,KISS_OF_LIFE_나띠.jpg
KISS,OF_LIFE_벨,KISS_OF_LIFE_벨.jpg
KISS,OF_LIFE_쥴리,KISS_OF_LIFE_쥴리.jpg
KISS,OF_LIFE_하늘,KISS_OF_LIFE_하늘.jpg
LE,SSERAFIM_김채원,LE_SSERAFIM_김채원.jpg
LE,SSERAFIM_사쿠라,LE_SSERAFIM_사쿠라.jpg
LE,SSERAFIM_카즈하,LE_SSERAFIM_카즈하.jpg
LE,SSERAFIM_허윤진,LE_SSERAFIM_허윤진.jpg
LE,SSERAFIM_홍은채,LE_SSERAFIM_홍은채.jpg
LUN8,도현,LUN8_도현.jpg
LUN8,유우마,LUN8_유우마.jpg
LUN8,이안,LUN8_이안.jpg
LUN8,준우,LUN8_준우.jpg
LUN8,지은호,LUN8_지은호.jpg
LUN8,진수,LUN8_진수.jpg
LUN8,카엘,LUN8_카엘.jpg
LUN8,타쿠마,LUN8_타쿠마.jpg
"NCT,NCT","127,NCT_DREAM_마크","NCT,NCT_127,NCT_DREAM_마크.jpg"
"NCT,NCT","127,NCT_DREAM_해찬","NCT,NCT_127,NCT_DREAM_해찬.jpg"
"NCT,NCT",127_도영,"NCT,NCT_127_도영.jpg"
"NCT,NCT",127_윈윈,"NCT,NCT_127_윈윈.jpg"
"NCT,NCT",127_유타,"NCT,NCT_127_유타.jpg"
"NCT,NCT",127_재현,"NCT,NCT_127_재현.jpg"
"NCT,NCT",127_쟈니,"NCT,NCT_127_쟈니.jpg"
"NCT,NCT",127_정우,"NCT,NCT_127_정우.jpg"
"NCT,NCT",127_태용,"NCT,NCT_127_태용.jpg"
"NCT,NCT",DREAM_런쥔,"NCT,NCT_DREAM_런쥔.jpg"
"NCT,NCT",DREAM_재민,"NCT,NCT_DREAM_재민.jpg"
"NCT,NCT",DREAM_제노,"NCT,NCT_DREAM_제노.jpg"
"NCT,NCT",DREAM_지성,"NCT,NCT_DREAM_지성.jpg"
"NCT,NCT",DREAM_천러,"NCT,NCT_DREAM_천러.jpg"
"NCT,NCT",WISH_료,"NCT,NCT_WISH_료.jpg"
"NCT,NCT",WISH_리쿠,"NCT,NCT_WISH_리쿠.jpg"
"NCT,NCT",WISH_사쿠야,"NCT,NCT_WISH_사쿠야.jpg"
"NCT,NCT",WISH_시온,"NCT,NCT_WISH_시온.jpg"
"NCT,NCT",WISH_유우시,"NCT,NCT_WISH_유우시.jpg"
"NCT,NCT",WISH_재희,"NCT,NCT_WISH_재희.jpg"
NCT,샤오쥔,NCT_샤오쥔.jpg
NCT,양양,NCT_양양.jpg
NCT,쿤,NCT_쿤.jpg
NCT,텐,NCT_텐.jpg
NCT,헨드리,NCT_헨드리.jpg
NewJeans,다니엘,NewJeans_다니엘.jpg
NewJeans,민지,NewJeans_민지.jpg
NewJeans,하니,NewJeans_하니.jpg
NewJeans,해린,NewJeans_해린.jpg
NewJeans,혜인,NewJeans_혜인.jpg
NEXZ,세이타,NEXZ_세이타.jpg
NEXZ,소건,NEXZ_소건.jpg
NEXZ,유우,NEXZ_유우.jpg
NEXZ,유키,NEXZ_유키.jpg
NEXZ,토모야,NEXZ_토모야.jpg
NEXZ,하루,NEXZ_하루.jpg
NEXZ,휴이,NEXZ_휴이.jpg
NMIXX,규진,NMIXX_규진.jpg
NMIXX,릴리,NMIXX_릴리.jpg
NMIXX,배이,NMIXX_배이.jpg
NMIXX,설윤,NMIXX_설윤.jpg
NMIXX,지우,NMIXX_지우.jpg
NMIXX,해원,NMIXX_해원.jpg
ONE,PACT_성민,ONE_PACT_성민.jpg
ONE,PACT_예담,ONE_PACT_예담.jpg
ONE,PACT_제이창,ONE_PACT_제이창.jpg
ONE,PACT_종우,ONE_PACT_종우.jpg
ONE,PACT_태그,ONE_PACT_태그.jpg
OnlyOneOf,Mill,OnlyOneOf_Mill.jpg
OnlyOneOf,규빈,OnlyOneOf_규빈.jpg
OnlyOneOf,나인,OnlyOneOf_나인.jpg
OnlyOneOf,리에,OnlyOneOf_리에.jpg
OnlyOneOf,유정,OnlyOneOf_유정.jpg
OnlyOneOf,준지,OnlyOneOf_준지.jpg
P1Harmony,기호,P1Harmony_기호.jpg
P1Harmony,소울,P1Harmony_소울.jpg
P1Harmony,인탁,P1Harmony_인탁.jpg
P1Harmony,종섭,P1Harmony_종섭.jpg
P1Harmony,지웅,P1Harmony_지웅.jpg
P1Harmony,테오,P1Harmony_테오.jpg
PLAVE,노아,PLAVE_노아.jpg
PLAVE,밤비,PLAVE_밤비.jpg
PLAVE,예준,PLAVE_예준.jpg
PLAVE,은호,PLAVE_은호.jpg
PLAVE,하민,PLAVE_하민.jpg
Red,Velvet_슬기,Red_Velvet_슬기.jpg
Red,Velvet_아이린,Red_Velvet_아이린.jpg
Red,Velvet_예리,Red_Velvet_예리.jpg
Red,Velvet_웬디,Red_Velvet_웬디.jpg
Red,Velvet_조이,Red_Velvet_조이.jpg
RIIZE,성찬,RIIZE_성찬.jpg
RIIZE,소희,RIIZE_소희.jpg
RIIZE,쇼타로,RIIZE_쇼타로.jpg
RIIZE,앤톤,RIIZE_앤톤.jpg
RIIZE,원빈,RIIZE_원빈.jpg
RIIZE,은석,RIIZE_은석.jpg
SAY,MY_NAME_도희,SAY_MY_NAME_도희.jpg
SAY,MY_NAME_메이,SAY_MY_NAME_메이.jpg
SAY,MY_NAME_소하,SAY_MY_NAME_소하.jpg
SAY,MY_NAME_승주,SAY_MY_NAME_승주.jpg
SAY,MY_NAME_준희,SAY_MY_NAME_준희.jpg
SAY,MY_NAME_카니,SAY_MY_NAME_카니.jpg
SAY,MY_NAME_히토미,SAY_MY_NAME_히토미.jpg
SF9,다원,SF9_다원.jpg
SF9,영빈,SF9_영빈.jpg
SF9,유태양,SF9_유태양.jpg
SF9,인성,SF9_인성.jpg
SF9,재윤,SF9_재윤.jpg
SF9,주호,SF9_주호.jpg
SF9,찬희,SF9_찬희.jpg
SF9,휘영,SF9_휘영.jpg
SHINee,민호,SHINee_민호.jpg
SHINee,온유,SHINee_온유.jpg
SHINee,종현,SHINee_종현.jpg
SHINee,키,SHINee_키.jpg
SHINee,태민,SHINee_태민.jpg
STAYC,세은,STAYC_세은.jpg
STAYC,수민,STAYC_수민.jpg
STAYC,시은,STAYC_시은.jpg
STAYC,아이사,STAYC_아이사.jpg
STAYC,윤,STAYC_윤.jpg
STAYC,재이,STAYC_재이.jpg
Stray,Kids_리노,Stray_Kids_리노.jpg
Stray,Kids_방찬,Stray_Kids_방찬.jpg
Stray,Kids_승민,Stray_Kids_승민.jpg
Stray,Kids_아이엔,Stray_Kids_아이엔.jpg
Stray,Kids_창빈,Stray_Kids_창빈.jpg
Stray,Kids_필릭스,Stray_Kids_필릭스.jpg
Stray,Kids_한,Stray_Kids_한.jpg
Stray,Kids_현진,Stray_Kids_현진.jpg
SUPER,JUNIOR_규현,SUPER_JUNIOR_규현.jpg
SUPER,JUNIOR_동해,SUPER_JUNIOR_동해.jpg
SUPER,JUNIOR_려욱,SUPER_JUNIOR_려욱.jpg
SUPER,JUNIOR_성민,SUPER_JUNIOR_성민.jpg
SUPER,JUNIOR_시원,SUPER_JUNIOR_시원.jpg
SUPER,JUNIOR_신동,SUPER_JUNIOR_신동.jpg
SUPER,JUNIOR_예성,SUPER_JUNIOR_예성.jpg
SUPER,JUNIOR_은혁,SUPER_JUNIOR_은혁.jpg
SUPER,JUNIOR_이특,SUPER_JUNIOR_이특.jpg
SUPER,JUNIOR_희철,SUPER_JUNIOR_희철.jpg
TEMPEST,LEW,TEMPEST_LEW.jpg
TEMPEST,은찬,TEMPEST_은찬.jpg
TEMPEST,태래,TEMPEST_태래.jpg
TEMPEST,한빈,TEMPEST_한빈.jpg
TEMPEST,혁,TEMPEST_혁.jpg
TEMPEST,형섭,TEMPEST_형섭.jpg
TREASURE,도영,TREASURE_도영.jpg
TREASURE,박정우,TREASURE_박정우.jpg
TREASURE,소정환,TREASURE_소정환.jpg
TREASURE,아사히,TREASURE_아사히.jpg
TREASURE,요시,TREASURE_요시.jpg
TREASURE,윤재혁,TREASURE_윤재혁.jpg
TREASURE,준규,TREASURE_준규.jpg
TREASURE,지훈,TREASURE_지훈.jpg
TREASURE,최현석,TREASURE_최현석.jpg
TREASURE,하루토,TREASURE_하루토.jpg
TWICE,나연,TWICE_나연.jpg
TWICE,다현,TWICE_다현.jpg
TWICE,모모,TWICE_모모.jpg
TWICE,미나,TWICE_미나.jpg
TWICE,사나,TWICE_사나.jpg
TWICE,정연,TWICE_정연.jpg
TWICE,지효,TWICE_지효.jpg
TWICE,쯔위,TWICE_쯔위.jpg
TWICE,채영,TWICE_채영.jpg
TWS,경민,TWS_경민.jpg
TWS,도훈,TWS_도훈.jpg
TWS,신유,TWS_신유.jpg
TWS,영재,TWS_영재.jpg
TWS,지훈,TWS_지훈.jpg
TWS,한진,TWS_한진.jpg
UNIS,나나,UNIS_나나.jpg
UNIS,방윤하,UNIS_방윤하.jpg
UNIS,엘리시아,UNIS_엘리시아.jpg
UNIS,오윤아,UNIS_오윤아.jpg
UNIS,임서원,UNIS_임서원.jpg
UNIS,젤리당카,UNIS_젤리당카.jpg
UNIS,진현주,UNIS_진현주.jpg
UNIS,코토코,UNIS_코토코.jpg
VERIVERY,강민,VERIVERY_강민.jpg
VERIVERY,계현,VERIVERY_계현.jpg
VERIVERY,동헌,VERIVERY_동헌.jpg
VERIVERY,민찬,VERIVERY_민찬.jpg
VERIVERY,연호,VERIVERY_연호.jpg
VERIVERY,용승,VERIVERY_용승.jpg
VERIVERY,호영,VERIVERY_호영.jpg
"VIVIZ,여자친구",신비,"VIVIZ,여자친구_신비.jpg"
"VIVIZ,여자친구",엄지,"VIVIZ,여자친구_엄지.jpg"
"VIVIZ,여자친구",은하,"VIVIZ,여자친구_은하.jpg"
WINNER,강승윤,WINNER_강승윤.jpg
WINNER,김진우,WINNER_김진우.jpg
WINNER,송민호,WINNER_송민호.jpg
WINNER,이승훈,WINNER_이승훈.jpg
WOOAH,나나,WOOAH_나나.jpg
WOOAH,루시,WOOAH_루시.jpg
WOOAH,민서,WOOAH_민서.jpg
WOOAH,소라,WOOAH_소라.jpg
WOOAH,우연,WOOAH_우연.jpg
Xdinary,Heroses_Jun_Han,Xdinary_Heroses_Jun_Han.jpg
Xdinary,Heroses_O.de,Xdinary_Heroses_O.de.jpg
Xdinary,Heroses_가온,Xdinary_Heroses_가온.jpg
Xdinary,Heroses_건일,Xdinary_Heroses_건일.jpg
Xdinary,Heroses_정수,Xdinary_Heroses_정수.jpg
Xdinary,Heroses_주연,Xdinary_Heroses_주연.jpg
xikers,민재,xikers_민재.jpg
xikers,세은,xikers_세은.jpg
xikers,수민,xikers_수민.jpg
xikers,예찬,xikers_예찬.jpg
xikers,유준,xikers_유준.jpg
xikers,정훈,xikers_정훈.jpg
xikers,준민,xikers_준민.jpg
xikers,진식,xikers_진식.jpg
xikers,헌터,xikers_헌터.jpg
xikers,현우,xikers_현우.jpg
YOUNITE,DEY,YOUNITE_DEY.jpg
YOUNITE,경문,YOUNITE_경문.jpg
YOUNITE,스티브,YOUNITE_스티브.jpg
YOUNITE,시온,YOUNITE_시온.jpg
YOUNITE,우노,YOUNITE_우노.jpg
YOUNITE,은상,YOUNITE_은상.jpg
YOUNITE,은호,YOUNITE_은호.jpg
YOUNITE,형석,YOUNITE_형석.jpg
ZEROBASEONE,김규빈,ZEROBASEONE_김규빈.jpg
ZEROBASEONE,김지웅,ZEROBASEONE_김지웅.jpg
ZEROBASEONE,김태래,ZEROBASEONE_김태래.jpg
ZEROBASEONE,리키,ZEROBASEONE_리키.jpg
ZEROBASEONE,박건욱,ZEROBASEONE_박건욱.jpg
ZEROBASEONE,석매튜,ZEROBASEONE_석매튜.jpg
ZEROBASEONE,성한빈,ZEROBASEONE_성한빈.jpg
ZEROBASEONE,장하오,ZEROBASEONE_장하오.jpg
ZEROBASEONE,한유진,ZEROBASEONE_한유진.jpg
강다니엘,강다니엘,강다니엘_강다니엘.jpg
권은비,권은비,권은비_권은비.jpg
김우석,김우석,김우석_김우석.jpg
김재환,김재환,김재환_김재환.jpg
뉴이스트,JR,뉴이스트_JR.jpg
뉴이스트,렌,뉴이스트_렌.jpg
뉴이스트,민현,뉴이스트_민현.jpg
뉴이스트,백호,뉴이스트_백호.jpg
뉴이스트,아론,뉴이스트_아론.jpg
더보이즈,뉴,더보이즈_뉴.jpg
더보이즈,상연,더보이즈_상연.jpg
더보이즈,선우,더보이즈_선우.jpg
더보이즈,에릭,더보이즈_에릭.jpg
더보이즈,영훈,더보이즈_영훈.jpg
더보이즈,제이콥,더보이즈_제이콥.jpg
더보이즈,주연,더보이즈_주연.jpg
더보이즈,주학년,더보이즈_주학년.jpg
더보이즈,케빈,더보이즈_케빈.jpg
더보이즈,큐,더보이즈_큐.jpg
더보이즈,현재,더보이즈_현재.jpg
드림캐쳐,가현,드림캐쳐_가현.jpg
드림캐쳐,다미,드림캐쳐_다미.jpg
드림캐쳐,수아,드림캐쳐_수아.jpg
드림캐쳐,시연,드림캐쳐_시연.jpg
드림캐쳐,유현,드림캐쳐_유현.jpg
드림캐쳐,지유,드림캐쳐_지유.jpg
드림캐쳐,한동,드림캐쳐_한동.jpg
마마무,문별,마마무_문별.jpg
마마무,솔라,마마무_솔라.jpg
마마무,화사,마마무_화사.jpg
마마무,휘인,마마무_휘인.jpg
몬스타엑스,기현,몬스타엑스_기현.jpg
몬스타엑스,민혁,몬스타엑스_민혁.jpg
몬스타엑스,셔누,몬스타엑스_셔누.jpg
몬스타엑스,아이엠,몬스타엑스_아이엠.jpg
몬스타엑스,주헌,몬스타엑스_주헌.jpg
몬스타엑스,형원,몬스타엑스_형원.jpg
방탄소년단,RM,방탄소년단_RM.jpg
방탄소년단,뷔,방탄소년단_뷔.jpg
방탄소년단,슈가,방탄소년단_슈가.jpg
방탄소년단,정국,방탄소년단_정국.jpg
방탄소년단,제이홉,방탄소년단_제이홉.jpg
방탄소년단,지민,방탄소년단_지민.jpg
방탄소년단,진,방탄소년단_진.jpg
비투비,서은광,비투비_서은광.jpg
비투비,육성재,비투비_육성재.jpg
비투비,이민혁,비투비_이민혁.jpg
비투비,이창섭,비투비_이창섭.jpg
비투비,임현식,비투비_임현식.jpg
비투비,프니엘,비투비_프니엘.jpg
세븐틴,도겸,세븐틴_도겸.jpg
세븐틴,디노,세븐틴_디노.jpg
세븐틴,디에잇,세븐틴_디에잇.jpg
세븐틴,민규,세븐틴_민규.jpg
세븐틴,버논,세븐틴_버논.jpg
세븐틴,승관,세븐틴_승관.jpg
세븐틴,에스쿱스,세븐틴_에스쿱스.jpg
세븐틴,우지,세븐틴_우지.jpg
세븐틴,원우,세븐틴_원우.jpg
세븐틴,정한,세븐틴_정한.jpg
세븐틴,조슈아,세븐틴_조슈아.jpg
세븐틴,준,세븐틴_준.jpg
세븐틴,호시,세븐틴_호시.jpg
소녀시대,서현,소녀시대_서현.jpg
소녀시대,수영,소녀시대_수영.jpg
소녀시대,써니,소녀시대_써니.jpg
소녀시대,유리,소녀시대_유리.jpg
소녀시대,윤아,소녀시대_윤아.jpg
소녀시대,태연,소녀시대_태연.jpg
소녀시대,티파니,소녀시대_티파니.jpg
소녀시대,효연,소녀시대_효연.jpg
아이유,아이유,아이유_아이유.jpg
아일릿,모카,아일릿_모카.jpg
아일릿,민주,아일릿_민주.jpg
아일릿,원희,아일릿_원희.jpg
아일릿,윤아,아일릿_윤아.jpg
아일릿,이로하,아일릿_이로하.jpg
앤팀,니콜라스,앤팀_니콜라스.jpg
앰퍼샌드원,김승모,앰퍼샌드원_김승모.jpg
앰퍼샌드원,나캠든,앰퍼샌드원_나캠든.jpg
앰퍼샌드원,마카야,앰퍼샌드원_마카야.jpg
앰퍼샌드원,브라이언,앰퍼샌드원_브라이언.jpg
앰퍼샌드원,윤시윤,앰퍼샌드원_윤시윤.jpg
앰퍼샌드원,최지호,앰퍼샌드원_최지호.jpg
앰퍼샌드원,카이렐,앰퍼샌드원_카이렐.jpg
엔플라잉,김재현,엔플라잉_김재현.jpg
엔플라잉,서동성,엔플라잉_서동성.jpg
엔플라잉,유회승,엔플라잉_유회승.jpg
엔플라잉,이승협,엔플라잉_이승협.jpg
엔플라잉,차훈,엔플라잉_차훈.jpg
엔하이픈,니키,엔하이픈_니키.jpg
엔하이픈,선우,엔하이픈_선우.jpg
엔하이픈,성훈,엔하이픈_성훈.jpg
엔하이픈,정원,엔하이픈_정원.jpg
엔하이픈,제이,엔하이픈_제이.jpg
엔하이픈,제이크,엔하이픈_제이크.jpg
엔하이픈,희승,엔하이픈_희승.jpg
여자친구,소원,여자친구_소원.jpg
여자친구,예린,여자친구_예린.jpg
여자친구,유주,여자친구_유주.jpg
오마이걸,미미,오마이걸_미미.jpg
오마이걸,승희,오마이걸_승희.jpg
오마이걸,아린,오마이걸_아린.jpg
오마이걸,유빈,오마이걸_유빈.jpg
오마이걸,유아,오마이걸_유아.jpg
오마이걸,효정,오마이걸_효정.jpg
온앤오프,민균,온앤오프_민균.jpg
온앤오프,승준,온앤오프_승준.jpg
온앤오프,와이엇,온앤오프_와이엇.jpg
온앤오프,유,온앤오프_유.jpg
온앤오프,이션,온앤오프_이션.jpg
온앤오프,효진,온앤오프_효진.jpg
우주소녀,다영,우주소녀_다영.jpg
우주소녀,다원,우주소녀_다원.jpg
우주소녀,루다,우주소녀_루다.jpg
우주소녀,보나,우주소녀_보나.jpg
우주소녀,설아,우주소녀_설아.jpg
우주소녀,수빈,우주소녀_수빈.jpg
우주소녀,엑시,우주소녀_엑시.jpg
우주소녀,여름,우주소녀_여름.jpg
우주소녀,연정,우주소녀_연정.jpg
우주소녀,은서,우주소녀_은서.jpg
원어스,건희,원어스_건희.jpg
원어스,서호,원어스_서호.jpg
원어스,시온,원어스_시온.jpg
원어스,이도,원어스_이도.jpg
원어스,환웅,원어스_환웅.jpg
위아이,강석화,위아이_강석화.jpg
위아이,김동한,위아이_김동한.jpg
위아이,김요한,위아이_김요한.jpg
위아이,김준서,위아이_김준서.jpg
위아이,유용하,위아이_유용하.jpg
위아이,장대현,위아이_장대현.jpg
이채연,이채연,이채연_이채연.jpg
인피니트,김성규,인피니트_김성규.jpg
인피니트,남우현,인피니트_남우현.jpg
인피니트,엘,인피니트_엘.jpg
인피니트,이성열,인피니트_이성열.jpg
인피니트,이성종,인피니트_이성종.jpg
조유리,조유리,조유리_조유리.jpg
투모로우바이투게더,범규,투모로우바이투게더_범규.jpg
투모로우바이투게더,수빈,투모로우바이투게더_수빈.jpg
투모로우바이투게더,연준,투모로우바이투게더_연준.jpg
투모로우바이투게더,태현,투모로우바이투게더_태현.jpg
투모로우바이투게더,휴닝카이,투모로우바이투게더_휴닝카이.jpg
펜타곤,신원,펜타곤_신원.jpg
펜타곤,여원,펜타곤_여원.jpg
펜타곤,옌안,펜타곤_옌안.jpg
펜타곤,우석,펜타곤_우석.jpg
펜타곤,유토,펜타곤_유토.jpg
펜타곤,진호,펜타곤_진호.jpg
펜타곤,키노,펜타곤_키노.jpg
펜타곤,홍석,펜타곤_홍석.jpg
펜타곤,후이,펜타곤_후이.jpg
프로미스나인,박지원,프로미스나인_박지원.jpg
프로미스나인,백지헌,프로미스나인_백지헌.jpg
프로미스나인,송하영,프로미스나인_송하영.jpg
프로미스나인,이나경,프로미스나인_이나경.jpg
프로미스나인,이채영,프로미스나인_이채영.jpg
하성운,하성운,하성운_하성운.jpg
하이라이트,손동운,하이라이트_손동운.jpg
하이라이트,양요섭,하이라이트_양요섭.jpg
하이라이트,윤두준,하이라이트_윤두준.jpg
하이라이트,이기광,하이라이트_이기광.jpg
